<?xml version="1.0" encoding="UTF-8"?>
<project-private xmlns="http://www.netbeans.org/ns/project-private/1">
    <editor-bookmarks xmlns="http://www.netbeans.org/ns/editor-bookmarks/2" lastBookmarkId="0"/>
    <open-files xmlns="http://www.netbeans.org/ns/projectui-open-files/2">
        <group>
            <file>file:/C:/Users/Luison/Documents/NetBeansProjects/StuMs/src/Form/PersonalInfo.java</file>
            <file>file:/C:/Users/Luison/Documents/NetBeansProjects/StuMs/src/Drawer/DrawerBuilder.java</file>
            <file>file:/C:/Users/Luison/Documents/NetBeansProjects/StuMs/src/Form/Masterlist.java</file>
            <file>file:/C:/Users/Luison/Documents/NetBeansProjects/StuMs/src/Login/Login.java</file>
            <file>file:/C:/Users/Luison/Documents/NetBeansProjects/StuMs/src/Main/Main.java</file>
            <file>file:/C:/Users/Luison/Documents/NetBeansProjects/StuMs/src/Form/EducationalBack.java</file>
        </group>
    </open-files>
</project-private>
